model_name,task_name,corr_answerable,corr_unanswerable
gpt-4-0613,FalseQA,-0.6811714244338419,-0.6954303078272076
gpt-4-0613,NEC,-0.8272994239627294,-0.8028789655069682
gpt-4-0613,RefuNQ,0.7849780591333025,-0.6826742867489634
