model_name,task_name,corr_answerable,corr_unanswerable
vicuna-13b-v1.5,FalseQA,-0.8702924401562119,-0.7846861905417686
vicuna-13b-v1.5,NEC,-0.7187510847039384,-0.5883222903615964
vicuna-13b-v1.5,RefuNQ,0.7517487495612958,-0.8947089758422235
