model_name,task_name,corr_answerable,corr_unanswerable
gpt-3.5-turbo-0613,FalseQA,-0.5952647912135546,-0.9289823606011159
gpt-3.5-turbo-0613,NEC,-0.18047418545031038,-0.3894282163381316
gpt-3.5-turbo-0613,RefuNQ,-0.37340387469138986,-0.8463232457751816
