uncertainty	num_true	num_total	percentage
2.0	4	5	0.8
6.0	3	5	0.6
7.0	1	3	0.3333333333333333
8.0	326	2336	0.13955479452054795
10.0	1	3	0.3333333333333333
