uncertainty	num_true	num_total	percentage
0.0	1	2	0.5
3.0	79	265	0.2981132075471698
5.0	36	286	0.1258741258741259
7.0	34	1062	0.032015065913371
8.0	26	654	0.039755351681957186
9.0	1	85	0.011764705882352941
