uncertainty	num_true	num_total	percentage
0.0	25	39	0.6410256410256411
2.0	1	5	0.2
3.0	14	38	0.3684210526315789
6.0	17	92	0.18478260869565216
7.0	23	97	0.23711340206185566
8.0	123	1249	0.09847878302642114
9.0	46	754	0.0610079575596817
10.0	2	91	0.02197802197802198
