uncertainty	num_true	num_total	percentage
0.0	3	4	0.75
2.0	8	24	0.3333333333333333
4.0	9	30	0.2903225806451613
5.0	2	8	0.25
6.0	81	332	0.24397590361445784
7.0	45	290	0.15517241379310345
8.0	141	1648	0.08555825242718447
10.0	1	19	0.05263157894736842
