uncertainty	num_true	num_total	percentage
0.0	454	685	0.6627737226277373
1.0	True	1	1.0
2.0	25	47	0.5319148936170213
3.0	165	315	0.5238095238095238
6.0	54	171	0.3157894736842105
7.0	62	133	0.46616541353383456
8.0	199	767	0.25945241199478486
9.0	63	197	0.3197969543147208
10.0	18	49	0.3673469387755102
