uncertainty	num_true	num_total	percentage
0.0	2	4	0.5
2.0	5	10	0.5
6.0	4	58	0.06896551724137931
7.0	26	125	0.208
8.0	136	1728	0.0787037037037037
9.0	6	133	0.045112781954887216
