uncertainty	num_true	num_total	percentage
0.0	True	1	1.0
4.0	8	12	0.6666666666666666
5.0	4	8	0.5
6.0	163	847	0.19244391971664698
7.0	73	646	0.1130030959752322
8.0	26	562	0.046263345195729534
