uncertainty	num_true	num_total	percentage
0.0	80	123	0.6504065040650406
3.0	2	7	0.2857142857142857
5.0	3	3	1.0
6.0	233	605	0.3851239669421488
7.0	63	274	0.22992700729927007
8.0	146	1065	0.13708920187793427
