uncertainty	num_true	num_total	percentage
0.0	9	26	0.34615384615384615
2.0	20	62	0.3225806451612903
6.0	31	217	0.14285714285714285
7.0	83	377	0.22015915119363394
8.0	248	1350	0.1837037037037037
9.0	2	37	0.05405405405405406
