uncertainty	num_true	num_total	percentage
0.0	70	272	0.25735294117647056
2.0	4	11	0.36363636363636365
5.0	29	202	0.14356435643564355
6.0	3	48	0.0625
7.0	77	486	0.15811088295687886
8.0	167	1048	0.15935114503816794
