uncertainty	num_true	num_total	percentage
0.0	167	1967	0.08490086426029486
10.0	2	111	0.018018018018018018
