uncertainty	num_true	num_total	percentage
0.0	1363	1604	0.8497506234413965
1.0	170	326	0.5214723926380368
2.0	3	28	0.10714285714285714
3.0	4	18	0.2222222222222222
5.0	4	33	0.12121212121212122
7.0	1	25	0.04
8.0	2	36	0.05555555555555555
