uncertainty	num_true	num_total	percentage
0.0	316	921	0.34310532030401736
10.0	387	1233	0.31386861313868614
