uncertainty	num_true	num_total	percentage
2.0	8	46	0.17391304347826086
6.0	25	112	0.22321428571428573
7.0	19	83	0.2289156626506024
8.0	564	1445	0.3903114186851211
9.0	237	556	0.4262589928057554
