uncertainty	num_true	num_total	percentage
0.0	1	6	0.16666666666666666
6.0	9	43	0.20930232558139536
7.0	8	31	0.25806451612903225
8.0	387	1361	0.2843497428361499
9.0	375	808	0.46410891089108913
10.0	9	11	0.8181818181818182
