uncertainty	num_true	num_total	percentage
3.0	9	67	0.13432835820895522
5.0	28	113	0.24778761061946902
7.0	236	743	0.31763122476446837
8.0	547	1293	0.42304717710750195
9.0	25	48	0.5208333333333334
10.0	True	1	1.0
