uncertainty	num_true	num_total	percentage
3.0	171	1107	0.15447154471544716
5.0	9	287	0.0313588850174216
7.0	14	616	0.022727272727272728
8.0	1	160	0.00625
