uncertainty	num_true	num_total	percentage
4.0	6	21	0.2857142857142857
5.0	1	3	0.3333333333333333
6.0	71	232	0.30603448275862066
7.0	116	299	0.3879598662207358
8.0	839	1707	0.4915055653192736
10.0	True	1	1.0
