uncertainty	num_true	num_total	percentage
0.0	85	167	0.5089820359281437
2.0	2	4	0.5
3.0	81	121	0.6694214876033058
6.0	230	563	0.40852575488454707
7.0	44	189	0.2328042328042328
8.0	162	1058	0.15311909262759923
9.0	2	70	0.02857142857142857
