uncertainty	num_true	num_total	percentage
0.0	16	920	0.017391304347826087
10.0	20	1235	0.016194331983805668
