uncertainty	num_true	num_total	percentage
2.0	9	21	0.42857142857142855
3.0	6	10	0.6
5.0	15	51	0.29411764705882354
7.0	174	450	0.38666666666666666
8.0	664	1359	0.48859455481972036
9.0	227	374	0.606951871657754
