uncertainty	num_true	num_total	percentage
0.0	3	4	0.75
2.0	8	16	0.5
7.0	3	3	1.0
8.0	1115	2316	0.48143350604490504
10.0	3	7	0.42857142857142855
