uncertainty	num_true	num_total	percentage
0.0	899	1274	0.7056514913657771
1.0	3	7	0.42857142857142855
2.0	50	103	0.4854368932038835
3.0	15	35	0.42857142857142855
5.0	68	148	0.4594594594594595
6.0	14	46	0.30434782608695654
7.0	60	151	0.3973509933774834
8.0	119	434	0.27419354838709675
9.0	32	107	0.29906542056074764
10.0	17	41	0.4146341463414634
