uncertainty	num_true	num_total	percentage
0.0	6	12	0.5
2.0	9	32	0.28125
5.0	True	1	1.0
6.0	4	18	0.2222222222222222
7.0	151	457	0.3304157549234136
8.0	149	1165	0.1278969957081545
9.0	71	657	0.1080669710806697
