uncertainty	num_true	num_total	percentage
5.0	594	1496	0.39705882352941174
7.0	227	868	0.2612197928653625
