uncertainty	num_true	num_total	percentage
0.0	89	111	0.8018018018018018
2.0	156	223	0.6995515695067265
3.0	True	1	1.0
4.0	1	2	0.5
5.0	56	66	0.8484848484848485
6.0	8	33	0.24242424242424243
7.0	798	1262	0.6323296354992076
8.0	146	492	0.2967479674796748
9.0	41	136	0.3014705882352941
