uncertainty	num_true	num_total	percentage
0.0	57	98	0.5757575757575758
1.0	1	10	0.1
2.0	8	14	0.5714285714285714
3.0	4	10	0.4
5.0	16	58	0.27586206896551724
6.0	8	25	0.32
7.0	23	129	0.17829457364341086
8.0	105	1088	0.09650735294117647
9.0	49	788	0.06218274111675127
10.0	8	128	0.0625
