uncertainty	num_true	num_total	percentage
0.0	671	869	0.7721518987341772
1.0	376	542	0.6937269372693727
2.0	75	135	0.5555555555555556
3.0	21	44	0.4772727272727273
4.0	2	2	1.0
5.0	23	44	0.5227272727272727
6.0	1	3	0.3333333333333333
7.0	31	108	0.28703703703703703
8.0	48	148	0.32432432432432434
9.0	16	58	0.27586206896551724
10.0	162	412	0.3932038834951456
