uncertainty	num_true	num_total	percentage
0.0	17	20	0.85
1.0	3	3	1.0
2.0	912	1149	0.793733681462141
3.0	154	218	0.7064220183486238
5.0	149	254	0.5866141732283464
6.0	3	9	0.3333333333333333
7.0	270	525	0.5142857142857142
8.0	62	169	0.3668639053254438
9.0	5	14	0.35714285714285715
10.0	1	3	0.3333333333333333
