uncertainty	num_true	num_total	percentage
0.0	217	1972	0.11004056795131846
10.0	41	357	0.11484593837535013
