uncertainty	num_true	num_total	percentage
0.0	116	1802	0.06437291897891231
10.0	27	490	0.05510204081632653
