uncertainty	num_true	num_total	percentage
0.0	1	2	0.5
2.0	39	145	0.2689655172413793
3.0	19	75	0.25333333333333335
5.0	35	194	0.18041237113402062
6.0	1	4	0.25
7.0	76	783	0.0970625798212005
8.0	40	912	0.043859649122807015
9.0	4	226	0.017699115044247787
