uncertainty	num_true	num_total	percentage
0.0	53	73	0.726027397260274
2.0	420	586	0.7167235494880546
4.0	97	178	0.5449438202247191
5.0	16	25	0.64
6.0	354	779	0.4544287548138639
7.0	62	188	0.32978723404255317
8.0	145	511	0.2837573385518591
10.0	2	6	0.3333333333333333
