uncertainty	num_true	num_total	percentage
0.0	69	84	0.8214285714285714
3.0	1113	1524	0.7303149606299213
5.0	88	205	0.4292682926829268
7.0	69	364	0.18956043956043955
8.0	40	169	0.23668639053254437
9.0	1	11	0.09090909090909091
