uncertainty	num_true	num_total	percentage
9.0	118	862	0.13673232908458866
10.0	15	53	0.2830188679245283
