uncertainty	num_true	num_total	percentage
5.0	124	958	0.12930135557872785
7.0	139	1401	0.099214846538187
