uncertainty	num_true	num_total	percentage
0.0	58	70	0.8285714285714286
1.0	31	76	0.40789473684210525
2.0	9	50	0.18
3.0	3	41	0.07317073170731707
5.0	7	70	0.1
6.0	1	6	0.16666666666666666
7.0	12	140	0.08571428571428572
8.0	26	302	0.08609271523178808
9.0	17	365	0.04657534246575343
10.0	65	1242	0.05233494363929147
