uncertainty	num_true	num_total	percentage
9.0	140	1354	0.103397341211226
10.0	10	155	0.06451612903225806
