uncertainty	num_true	num_total	percentage
0.0	45	58	0.7758620689655172
1.0	72	125	0.576
2.0	18	60	0.3
3.0	26	79	0.3291139240506329
5.0	28	108	0.25925925925925924
6.0	2	18	0.1111111111111111
7.0	44	411	0.1070559610705596
8.0	47	553	0.08499095840867993
9.0	14	448	0.03125
10.0	12	206	0.05825242718446602
