uncertainty	num_true	num_total	percentage
3.0	762	907	0.8401323042998897
5.0	393	639	0.6150234741784038
7.0	116	518	0.22393822393822393
8.0	1	14	0.07142857142857142
