uncertainty	num_true	num_total	percentage
5.0	95	285	0.3333333333333333
7.0	393	1793	0.21918572225320693
