uncertainty	num_true	num_total	percentage
4.0	1	2	0.5
6.0	29	280	0.10357142857142858
7.0	55	491	0.1120162932790224
8.0	32	1294	0.02472952086553323
