uncertainty	num_true	num_total	percentage
2.0	11	34	0.3235294117647059
3.0	6	36	0.16666666666666666
5.0	12	71	0.16901408450704225
6.0	1	3	0.3333333333333333
7.0	97	654	0.14831804281345565
8.0	42	1205	0.034854771784232366
9.0	1	68	0.014705882352941176
