uncertainty	num_true	num_total	percentage
9.0	126	1219	0.10336341263330599
10.0	9	91	0.0989010989010989
