uncertainty	num_true	num_total	percentage
2.0	87	90	0.9666666666666667
3.0	115	137	0.8394160583941606
5.0	193	246	0.7845528455284553
6.0	1	2	0.5
7.0	644	1207	0.5335542667771334
8.0	144	395	0.36455696202531646
9.0	True	1	1.0
