uncertainty	num_true	num_total	percentage
3.0	61	247	0.24696356275303644
5.0	41	373	0.10991957104557641
7.0	57	1086	0.052486187845303865
8.0	19	361	0.05263157894736842
