uncertainty	num_true	num_total	percentage
0.0	15	31	0.4838709677419355
2.0	3	8	0.375
5.0	12	30	0.4
6.0	2	11	0.18181818181818182
7.0	61	297	0.2053872053872054
8.0	111	1536	0.072265625
9.0	2	130	0.015384615384615385
