uncertainty	num_true	num_total	percentage
0.0	144	1860	0.07741935483870968
10.0	7	186	0.03763440860215054
