uncertainty	num_true	num_total	percentage
0.0	15	23	0.6521739130434783
3.0	6	9	0.6666666666666666
5.0	True	1	1.0
6.0	68	189	0.35978835978835977
7.0	21	130	0.16153846153846155
8.0	118	1576	0.07487309644670051
