uncertainty	num_true	num_total	percentage
5.0	41	120	0.3416666666666667
7.0	164	1939	0.08453608247422681
