uncertainty	num_true	num_total	percentage
9.0	650	1989	0.32663316582914576
10.0	5	17	0.29411764705882354
