uncertainty	num_true	num_total	percentage
0.0	1	6	0.16666666666666666
2.0	22	78	0.28205128205128205
4.0	63	305	0.20655737704918034
5.0	2	28	0.07142857142857142
6.0	104	1156	0.08996539792387544
7.0	5	174	0.028735632183908046
8.0	23	424	0.054245283018867926
