uncertainty	num_true	num_total	percentage
5.0	73	573	0.1273996509598604
7.0	469	1684	0.27850356294536815
8.0	3	9	0.3333333333333333
