uncertainty	num_true	num_total	percentage
2.0	237	546	0.4340659340659341
3.0	61	180	0.3388888888888889
5.0	168	482	0.34854771784232363
7.0	182	800	0.2275
8.0	8	159	0.050314465408805034
