uncertainty	num_true	num_total	percentage
0.0	104	503	0.20675944333996024
2.0	9	58	0.15517241379310345
3.0	4	28	0.14285714285714285
5.0	23	247	0.0931174089068826
6.0	2	31	0.06451612903225806
7.0	12	230	0.05217391304347826
8.0	27	931	0.02900107411385607
9.0	2	119	0.01680672268907563
