uncertainty	num_true	num_total	percentage
0.0	1088	1398	0.7782546494992847
1.0	238	608	0.39144736842105265
2.0	3	44	0.06818181818181818
5.0	3	20	0.15
8.0	4	50	0.08
10.0	1	25	0.04
