uncertainty	num_true	num_total	percentage
9.0	29	1752	0.016552511415525113
10.0	1	79	0.012658227848101266
