uncertainty	num_true	num_total	percentage
0.0	21	57	0.3684210526315789
2.0	1	7	0.14285714285714285
3.0	1	6	0.16666666666666666
4.0	1	2	0.5
5.0	2	31	0.06451612903225806
6.0	1	11	0.09090909090909091
7.0	10	67	0.14925373134328357
8.0	402	1252	0.3210862619808307
9.0	420	797	0.5269761606022585
10.0	7	12	0.5833333333333334
