uncertainty	num_true	num_total	percentage
0.0	36	94	0.3829787234042553
1.0	8	54	0.14814814814814814
2.0	3	24	0.125
3.0	3	17	0.17647058823529413
5.0	19	55	0.34545454545454546
6.0	2	6	0.3333333333333333
7.0	64	153	0.41830065359477125
8.0	146	325	0.4492307692307692
9.0	120	265	0.4528301886792453
10.0	816	1273	0.6410054988216811
