uncertainty	num_true	num_total	percentage
0.0	9	30	0.3
2.0	23	126	0.18110236220472442
5.0	2	2	1.0
6.0	9	130	0.06923076923076923
7.0	186	760	0.24473684210526317
8.0	85	993	0.08559919436052367
9.0	4	119	0.03361344537815126
10.0	True	1	1.0
