uncertainty	num_true	num_total	percentage
5.0	257	746	0.3445040214477212
7.0	252	1427	0.17659425367904696
