uncertainty,correctness,correctness,percentage
2.0,True,9,42.857142857142854
2.0,False,12,57.14285714285714
3.0,False,4,40.0
3.0,True,6,60.0
5.0,True,15,29.411764705882355
5.0,False,36,70.58823529411765
7.0,True,174,38.666666666666664
7.0,False,276,61.33333333333333
8.0,True,664,48.859455481972034
8.0,False,695,51.140544518027966
9.0,False,147,39.3048128342246
9.0,True,227,60.6951871657754
10.0,False,1,100.0
