model_name,task_name,corr_answerable,corr_unanswerable
claude-2,FalseQA,-0.6826501495470286,-0.9784764802395238
claude-2,NEC,-0.9613989350932162,-0.9934416569620741
claude-2,RefuNQ,0.8989162137080517,-0.8899274953059426
